"Routing_plan","FN","FRRR","SRRR","SN"
"Others","105","0.7032","0.6981","66"
"150 /unl/150/20","6","0.8974","0.8756","8"
"Min/unl/120/0","11","0.859","0.8414","11"
"30 /15/60/0","7","0.5691","0.5713","13"
"30/ 10/60/7","6","0.3351","0.4294","8"
"80/60/120/40","12","0.7431","0.7375","14"
"AM Min/unl/30/15 (1 activity)","5","0.8503","0.8048","10"
"90/40/120/40","12","0.6942","0.6653","10"
"45/ 30/100/10","4","0.6193","0.6754","3"
"75 /20/60/15","7","0.6172","0.5859","9"
"60 /30/120/15","4","0.6445","0.6629","5"
"40/40/90/10","7","0.689","0.6713","10"
"90 unl/120/20","6","0.686","0.8327","6"
"150 /unl/80/30","4","0.8592","0.8159","8"
"150/unl/125/10","5","0.7598","0.7635","6"
"50/30/120/30","12","0.6782","0.6482","11"
"100/unl/120/0","3","0.7558","0.6799","6"
"45/25/120/20","11","0.5167","0.5463","14"
"25/15/ 75/0","5","0.2435","0.2901","6"
"Min/60/120/7D","36","0.691","0.5851","33"
"Top-2 60/30/90/0","6","0.6","0.5106","5"
"Top-1 30/15/50/0","9","0.4001","0.4073","8"
"60/20/90/0","4","0.6676","0.6746","7"
"35/20/60/7","5","0.5302","0.6003","7"
"*SUB* Run Second 25/10/90/10","9","0.748","0.7648","3"
"*SUB* Run Third 35/10/90/0","10","0.8483","0.798","4"
"90/30/120/0","3","0.8159","0.702","1"
"90/20/90/10","42","0.7786","0.7429","51"
"75/20/90/10","36","0.7508","0.7167","53"
"Run First 25/5/60/10","37","0.4962","0.4387","44"
"*SUB* Run First 15/30/30/10","9","0.7786","0.7558","5"
"Run Third 45/10/90/0","30","0.7182","0.6502","46"
"Run Second 35/10/90/10","41","0.644","0.5599","63"
"Run First 25/5/50/10","10","0.5636","0.4973","13"
"SWEEPER min/unl/200/0","27","0.8257","0.7604","35"
"Min/30/90/0","2","0.7644","0.7139","2"
"60/15/80/0","3","0.658","0.7481","4"
"SWEEPER Min/unl/200/0","10","0.7307","0.7078","9"
"Akron Duration 75/20/90/0","7","0.2933","0.305","8"
"Cleveland Duration 75/20/90/0","5","0.4995","0.6065","6"
"Toledo Duration 75/20/90/0","7","0.5917","0.5452","13"
"Run Second 25/10/90/10","7","0.7081","0.684","3"
"120/30/120/0","3","0.7991","0.6897","9"
"Caldwell Duration 75/20/90/0","6","0.2099","0.5099","8"
"Run First 15/30/30/10","8","0.3644","0.7759","5"
"Run Second 35/10/90/30","9","0.3881","0.4321","13"
"Portsmouth Duration 75/20/90/0","8","0.5634","0.6172","12"
"SWEEPER min/unl/200/20","4","0.7445","0.6938","10"
"Run First 25/15/90/30","7","0.6157","0.2109","12"
"Run Third 35/10/90/0","6","0.8472","0.8134","2"
"20/10/60/0--","5","0.1071","0.0718","7"
"40/20/60/0^","4","0.4494","0.4324","8"
"100/unl/120/0#","4","0.9541","0.923","6"
"*60/25/90/7","8","0.5824","0.57","12"
"*45/15/75/7","4","0.3342","0.4422","3"
"Training","26","0.4301","0.4286","44"
"Route 1 Long 75/30/120/10","5","0.6851","0.6486","10"
"Special Aus 120/20/90/0","3","0.5809","0.8424","1"
"Route 1 30/20/90/0","3","0.5201","0.4907","4"
"Training SSI-Austin","14","0.3726","0.5219","18"
"DishNET 75/20/90/0","18","0.5905","0.5966","22"
"Metro1 45/0/60/20","63","0.6369","0.6135","62"
"Special Long 90/20/120/0","4","0.6776","0.69","8"
"45/15/ 75 /7","6","0.5826","0.5824","6"
"Route 2 45/40/120/0","6","0.513","0.5208","6"
"Training SS2","46","0.4615","0.3556","62"
"Metro2 65/15/90/15","62","0.6263","0.5755","47"
"Min/20/60/7","30","0.5254","0.7099","31"
"DishNET 75 /20/90/0 ","31","0.5673","0.6086","40"
"Odessa Test 3: 200/Unl/200/0","7","0.6768","0.6897","8"
"SWEEPER - Min/Unl/120/15","56","0.6843","0.6952","55"
"90 /unl/150/ 7","8","0.5941","0.6102","12"
"Route 2 Long 120/unl/150/10","3","0.7528","0.7157","10"
"Route 3 120/unl/180/10","6","0.5338","0.5411","5"
"Route 1 60/30/120/0","11","0.6532","0.6565","12"
"90/unl/150/0","8","0.766","0.7849","11"
"100/60/200/7","1","0.7619","0.752","1"
"Training SSI-Odessa","6","0.6888","0.4681","10"
"Odessa Test 1: 45/10/90/0","4","0.7019","0.6902","8"
"45 /20 /90/0","14","0.6855","0.6866","19"
"60/30/120/10","2","0.732","0.9161","1"
"Route 3 200/unl/200/0","10","0.7308","0.7466","8"
"30/10/ 90 /0","7","0.4036","0.4968","11"
"Min /unl/250/ 0","13","0.6612","0.6891","10"
"30/15/90/10","7","0.7372","0.7274","10"
"FSSwk2/wk4+","42","0.6627","0.7073","51"
"60/30/60/7","11","0.7925","0.7631","8"
"90/30/60/10","11","0.7792","0.7834","15"
"45/20/90/15","6","0.7891","0.7999","12"
"75/30/120/15","12","0.8282","0.8454","20"
"25/10/40/7","5","0.6417","0.7056","6"
"30/20/90/7","8","0.756","0.6742","18"
"90/30/120/20","14","0.9452","0.9433","14"
"90/45/120/0","4","0.6057","0.6797","7"
"30/10/60/0","5","0.7803","0.6693","9"
"45/20/80/0","4","0.6694","0.6125","4"
"FSSwk2/wk4,5-7Window","77","0.1891","0.2624","85"
"60/30/100/0","5","0.6572","0.6851","8"
"120/60/120/11","19","0.5977","0.6394","22"
"Min/unl /200/0","5","0.8287","0.8801","6"
"FSSwk2/wk4/65/10/60/0","3","0.087","0.1231","7"
"Min/unl/200/ 0","2","0.7574","0.7197","8"
"25/20/90/7","4","0.3648","0.3707","5"
"120/65/120/7","8","0.6548","0.6244","14"
"Min/unl/200/0","4","0.8946","0.8558","7"
"Min/65/120/7","9","0.6229","0.5879","16"
"FSSwk2/wk4/90/0/60/20g","7","0.2752","0.1286","9"
"FSSwk2/wk4/90/0/60/20h","5","0.5772","0.5949","4"
"Min/unl/ 180/10","6","0.7642","0.7574","6"
"FSSwk2/wk4/90/0/60/20b","4","0.1811","0.2242","4"
"FSSwk2/wk4/90/0/60/20f","4","0.283","0.398","9"
"75/30/90/7","6","0.7273","0.7071","6"
"90/45/90/10","5","0.6302","0.658","8"
"FSSwk2/wk4#","5","0.59","0.2275","7"
"FSSwk2/wk4/80/0/60/20a","5","0.4548","0.5728","7"
"FSSwk2/wk4/45/0/60/20c","4","0.1919","0.204","7"
"120/40/120/7","6","0.732","0.7445","8"
"FSSwk2/wk4/90/0/60/20e","6","0.271","0.2689","5"
"30/15/60/10","5","0.4614","0.4865","7"
"150/60/150/0","5","0.7631","0.7579","5"
"75/30/90/0^","7","0.658","0.5622","7"
"60/25/75/0*","6","0.66","0.605","6"
"FSSwk2/wk4/90/0/60/20d","3","0.5875","0.6389","4"
"FSSwk2/wk4/60/0/60/5","3","0.2664","0.2169","9"
"50/10/200/1-3/0","5","0.7826","0.7091","6"
"65/20/60/1-5/10","5","0.5769","0.5885","7"
"FSSwk2/wk4- 45/45/120/7","13","0.2537","0.2406","14"
"Min/15/90/1-2/15[","5","0.7104","0.7421","9"
"90/20/90/1-3/200","4","0.7225","0.702","3"
"90/10/90/1-4/20","5","0.7643","0.7852","4"
"FSSwk2/wk4/90/0/60/20o","5","0.5108","0.5089","6"
"90/10/180/Specialty/15m","6","0.7132","0.7138","4"
"90/10/180/Specialty/15p","5","0.4806","0.5289","10"
"FSSwk2/wk4/90/0/60/20w","4","0.0759","0.0683","5"
"55/15/120/1-4/5;","4","0.7263","0.7606","7"
"120/15/200/1-1/5b","6","0.8498","0.855","8"
"FSSwk2/wk4/90/0/60/20z","7","0.2338","0.1634","8"
"150/25/120/1-3/0q","3","0.779","0.686","4"
"90/10/180/Specialty/15y","5","0.5909","0.6109","8"
"45/20/120/1-5/10.,","6","0.7217","0.7352","7"
"60/15/60/1-4/10y","7","0.6885","0.6874","5"
"Min/0/200/5-2/50","5","0.3036","0.32","5"
"60/15/90/1-4/10j","4","0.7002","0.6443","6"
"90/20/120/1-2/0","6","0.7542","0.6988","8"
"90/20/120/1-4/0asd","4","0.7156","0.6989","9"
"90/10/180/Specialty/15d","3","0.7767","0.5757","4"
"90/10/180/Specialty/15b","6","0.511","0.6692","6"
"90/10/180/Specialty/15c","4","0.6321","0.6659","6"
"75/10/60/1-4/0c","4","0.5382","0.4095","8"
"75/30/60/1-5/20","4","0.5774","0.6277","7"
"120/20/180/1-2/0g","4","0.6063","0.6331","7"
"75/15/60/1-3/5","4","0.6658","0.6024","5"
"FSSwk2/wk4/90/0/60/20t","5","0.5164","0.4768","9"
"FSSwk2/wk4/90/0/60/20s","4","0.2578","0.1806","9"
"90/10/180/Specialty/15k","6","0.5807","0.5529","6"
"45/15/120/1-3/15","4","0.7843","0.7716","9"
"120/20/150/1-5/0b","5","0.8276","0.8921","6"
"100/15/60/1-3/0b","5","0.6797","0.6773","6"
"FSSwk2/wk4/90/0/60/20y","7","0.124","0.1376","5"
"FSSwk2/wk4/90/0/60/20ah","6","0.3307","0.4039","9"
"FSSwk2/wk4/90/0/60/20ak","6","0.2758","0.1808","7"
"90/10/180/Specialty/15ab","6","0.5708","0.5786","10"
"100/15/60/1-4/0w","5","0.6426","0.638","5"
"45/20/180/1-4/10dds","6","0.7124","0.689","9"
"150/20/60/1-3/0q","5","0.6277","0.6297","8"
"FSSwk2/wk4/90/0/60/20ap","6","0.1795","0.2356","6"
"90/20/90/1-1/10","6","0.7531","0.7758","5"
"90/20/180/1-2/0","3","0.9076","0.8544","6"
"65/15/100/1-4/10","4","0.7075","0.735","6"
"90/20/180/1-1/0+","6","0.7495","0.7376","7"
"80/15/140/1-2/20fd","2","0.8106","0.7118","7"
"90/10/180/Specialty/15g","4","0.6303","0.6181","8"
"80/10/150/Specialty/10","5","0.7045","0.6121","6"
"75/10/120/1-3/0a","6","0.5769","0.5638","7"
"75/15/60/1-5/15","6","0.5566","0.6243","5"
"FSSwk2/wk4/90/0/60/20n","7","0.5545","0.5059","6"
"90/10/180/Specialty/15t","4","0.5505","0.5531","5"
"60/10/180/Specialty/15v","6","0.689","0.6476","9"
"75/10/60/1-3/10n","6","0.6593","0.6437","6"
"65/20/120/1-2/10","6","0.7225","0.6918","6"
"FSSwk2/wk4/90/0/60/20ad","6","0.1624","0.1408","8"
"70/20/120/1-5/10","6","0.5134","0.548","6"
"FSSwk2/wk4/90/0/60/20am","7","0.2111","0.0885","5"
"70/20/120/1-3/10","6","0.9241","0.9038","5"
"90/20/180/1-2/0?","4","0.9641","0.9551","5"
"90/10/180/Specialty/15as","7","0.5748","0.5684","7"
"70/20/120/1-4/10+","7","0.6905","0.6744","9"
"90/10/120/1-2/10we","7","0.7969","0.8173","4"
"90/10/180/Specialty/15e","6","0.6372","0.6415","7"
"90/10/180/Specialty/15j","5","0.5958","0.5614","8"
"120/30/200/1-2/5qq","6","0.7232","0.7242","8"
"FSSwk2/wk4/90/0/60/20l","8","0.0904","0.6265","13"
"FSSwk2/wk4/90/0/60/20u","6","0.4673","0.4493","6"
"90/10/180/Specialty/15u","5","0.556","0.5316","9"
"45/20/100/1-1/20","5","0.6853","0.6527","5"
"45/15/120/1-4/15","9","0.7404","0.6144","13"
"75/15/100/1-2/5q","7","0.7464","0.71","8"
"120/25/90/1-3/0g","6","0.8119","0.7932","8"
"FSSwk2/wk4/90/0/60/20af","6","0.2333","0.2071","6"
"FSSwk2/wk4/90/0/60/20ab","7","0.2245","0.2719","8"
"90/10/180/Specialty/15z","6","0.6097","0.5758","6"
"90/10/180/Specialty/15ah","5","0.8712","0.856","7"
"FSSwk2/wk4/90/0/60/20ar","4","0.2006","0.2401","8"
"90/20/180/1-1/0ds","6","0.7713","0.7542","7"
"90/10/180/Specialty/15an","5","0.6139","0.5645","8"
"120/20/120/1-4/0","3","0.6859","0.6306","7"
"120/30/200/1-1/5jh","5","0.7642","0.7135","6"
"75/30/120/10","25","0.8366","0.8452","34"
"90/10/180/Specialty/15a","5","0.6018","0.5789","9"
"FSSwk2/wk4/90/0/60/20j","7","0.0486","0.1102","9"
"160/unl/150/0","5","0.6869","0.6737","3"
"120/30/150/1-2/0","5","0.7193","0.7435","8"
"FSSwk2/wk4/90/0/60/20k","6","0.5671","0.5567","7"
"200/unl/200/7^","6","0.7587","0.7951","7"
"90/10/180/Specialty/15l","8","0.5941","0.5948","14"
"120/20/180/1-1/0","5","0.786","0.8183","6"
"120/20/180/1-5/0","6","0.747","0.6805","5"
"90/10/180/Specialty/15ag","6","0.6421","0.6809","5"
"90/10/180/Specialty/15aj","7","0.7119","0.665","9"
"FSSwk2/wk4/90/0/60/20al","5","0.1516","0.1838","9"
"FSSwk2/wk4/90/0/60/20ao","4","0.1723","0.1483","7"
"90/10/180/Specialty/15aq","6","0.5685","0.5906","8"
"90/10/180/Specialty/15ap","6","0.6187","0.6619","8"
"90/15/90/1-2/5y","6","0.7279","0.709","5"
"60/30/120/1-5/10-","6","0.513","0.4983","5"
"80/15/100/1-1/10","5","0.7779","0.7836","6"
"60/0/120","4","0.6231","0.628","7"
"120/10/180/Specialty/5","7","0.6991","0.704","6"
"70/15/90/1-3/5","6","0.6655","0.6947","7"
"35/25/90/1-5/20","3","0.6622","0.6377","7"
"Min/15/120/1-3/0d","3","0.7593","0.4335","3"
"90/30/100/0*","3","0.655","0.6022","9"
"Min/0/90/1-4/30","6","0.6694","0.752","6"
"FSSwk2/wk4/90/0/60/20q","6","0.3224","0.2086","7"
"FSSwk2/wk4/90/0/60/20p","4","0.4802","0.4984","9"
"90/10/180/Specialty/15n","6","0.6362","0.5588","7"
"FSSwk2/wk4/90/0/60/20x","7","0.3021","0.3433","6"
"90/10/180/Specialty/15x","5","0.5929","0.5482","9"
"Min/60/60/1-3/0","4","0.4278","0.5411","4"
"50/15/60/1-5/15x","4","0.5434","0.5097","9"
"45/15/140/1-5/20fs","7","0.5687","0.5284","8"
"70/20/180/1-3/10","4","0.843","0.8198","7"
"70/20/90/1-2/10","5","0.7701","0.7227","8"
"90/10/180/Specialty/15ar","5","0.6303","0.5698","7"
"90/20/120/1-4/5","6","0.7892","0.8376","8"
"45/10/60/1-5/0","7","0.5682","0.5808","10"
"90/20/130/1-1/0","5","0.7535","0.6981","8"
"90/30/150/1-3/0!","4","0.8303","0.8097","6"
"150/60/150/7^","4","0.7242","0.7621","3"
"30/10/90 RUN FIRST","3","-0.241","-0.1893","6"
"FSSwk2/wk4/75/10/60/50","10","0.4083","0.3717","13"
"Min/0/60/1-4/13","4","0.501","0.4551","6"
"60/10/180 - RUN SECOND#","7","0.8171","0.9388","1"
"FSSwk2/wk4/40/0/60/20","8","0.2548","0.282","15"
"75/30/90/1-5/0X","6","0.2096","0.1253","7"
"120/10/120/1-3/0","5","0.4562","0.5027","4"
"90/10/180/Specialty/10","15","0.5549","0.4405","28"
"FSSwk2/wk4/120/10/60/50","11","0.5184","0.5032","13"
"75 Min Drive","31","0.7022","0.7158","44"
"FSSwk2/wk4/45/10/60/0","22","0.3196","0.3275","21"
"FSSwk2/wk4/65/0/60/0","12","0.133","0.2302","19"
"50/20/60/1-4/5j","7","0.6963","0.7285","6"
"Min/unl/unl/1-1/0","4","0.8578","0.7959","4"
"60/10/180/Specialty/20","4","0.6164","0.5442","5"
"160/30/150/1-3/5","6","0.6188","0.6879","8"
"130/20/180/1-3/5;","5","0.8181","0.7546","8"
"45/15/120/1-2/10","4","0.6753","0.609","8"
"60/10/120/Specialty/5","5","0.4121","0.4508","7"
"45/20/60/1-3/100","4","0.7184","0.6899","9"
"75/30/180/1-1/25","5","0.7302","0.7058","5"
"45/15/90/1-3/10","4","0.6713","0.6859","6"
"80/10/130/1-2/5","4","0.7763","0.7576","10"
"55/15/100/1-4/15","4","0.7375","0.6785","8"
"FSSwk2/wk4/120/10/180/15","4","0.2931","0.6944","9"
"90/10/180/Specialty/20a","2","0.0377","-0.2043","3"
"FSSwk2/wk4/60/10/60/20","6","0.0643","0.1066","8"
"30/10/180 - RUN FIRST#","4","0.5718","0.471","1"
"70/20/120/Specialty/5","5","0.5062","0.3951","6"
"FSSwk2/wk4/65/0/80/0","14","0.0207","0.0675","23"
"120/10/UNL/Speciality/50","5","0.6475","0.6751","7"
"45/10/90/1-5/7","4","0.6413","0.6602","7"
"75/30/100/1-5/8","6","0.6958","0.6853","6"
"45/30/100/1-4/10j","5","0.7409","0.7108","8"
"120/10/120/Specialty/20","8","0.577","0.6705","11"
"FSSwk2/wk4/70/0/70/50","4","0.2564","0.325","6"
"70/10/120/Specialty/20","9","0.6246","0.5907","12"
"100/30/180/1-3/5","4","0.7493","0.748","7"
"120/10/120/1-3/5","3","0.7955","0.8942","3"
"75/15/100/1-5/10","5","0.5455","0.6207","6"
"120/10/120/1-3/0a","4","0.2752","0.3182","8"
"FSSwk2/wk4/65/10/30/0","6","0.091","0.1236","9"
"FSSwk2/wk4/75/10/90/50","5","0.3251","0.3798","6"
"Min/10/180/Specialty/20","30","0.6053","0.6142","33"
"FSSwk2/wk4/45/UNL/60/0","9","0.1484","0.0756","15"
"90/0/140/1-1/10","6","0.7039","0.7114","6"
"120/10/70/1-4/10","3","0.6419","0.6412","8"
"75/20/60/1-3/10","6","0.7406","0.7333","8"
"100/30/200/1-1/0","5","0.77","0.7198","8"
"FSSwk2/wk4/80/10/60/0","4","0.0933","0.0793","10"
"75/10/180/Specialty/20","4","0.5676","0.5298","7"
"80/20/150/1-4/10j","6","0.5322","0.5724","9"
"90/10/180/Specialty/15","16","0.5684","0.5267","21"
"FSSwk2/wk4/60/20/60/0","6","0.0932","0.1194","9"
"90/10/120/Specialty/20","59","0.5141","0.4545","73"
"70/30/180/1-4/100","5","0.7446","0.7212","8"
"45/10/180/1-4/50","2","0.7218","0.7221","6"
"75/10/90/1-5/10","7","0.7657","0.7655","4"
"75/20/140/1-4/10","6","0.7001","0.6666","7"
"Min/30/180/1-5/10","6","0.7416","0.6474","8"
"75/0/120/1-5/0","7","0.7183","0.6841","6"
"60/20/90/Speciality/5","6","0.646","0.7172","4"
"Min/0/180/Specialty/20","6","0.555","0.6344","7"
"FSSwk2/wk4/90/10/140/20","5","0.5091","0.5348","7"
"120/45/150/1-5/50","7","0.4324","0.4777","9"
"75/10/200/Specialty/20","4","0.6145","0.5405","8"
"Min/UNL/120/1-3/5","6","0.5269","0.6167","8"
"75/45/150/1-1/50","5","0.6445","0.6009","8"
"FSSwk2/wk4/70/unl/60/20","3","0.2269","0.1484","7"
"70/10/120/1-4/5","6","0.772","0.6943","5"
"45/20/120/1-5/20","4","0.5511","0.4731","5"
"45/15/140/1-2/15","5","0.6372","0.6189","5"
"90/30/90/1-4/8","5","0.7819","0.7704","9"
"80/30/120/1-1/10","6","0.7457","0.7905","2"
"FSSwk2/wk4/45/0/60/20","15","0.1711","0.1472","18"
"75/10/110/1-4/10j","6","0.5292","0.5167","8"
"60/20/120/Specialty/5","8","0.5266","0.5766","10"
"90/10/150/Specialty/25","6","0.5362","0.5545","8"
"40/10/180 RUN FIRST","3","0.5874","0.5554","6"
"75/15/120/1-4/10","6","0.3641","0.4285","7"
"50/15/135/1-4/30","6","0.7535","0.7443","6"
"45/0/120/1-4/20","4","0.5475","0.5554","6"
"Min/30/90/1-5/200a","4","0.5572","0.541","7"
"FSSwk2/wk4/90/10/100/20","5","0.4678","0.3954","6"
"120/10/150/1-1/50","4","0.7924","0.8064","8"
"Min/10/60/1-4/10","5","0.5071","0.4352","8"
"120/10/180/1-2/30","3","0.7677","0.7424","6"
"120 /unl/200","8","0.7665","0.6261","10"
"160/unl/180/7","5","0.8105","0.7602","5"
"75/15/150 RUN 2ND","13","0.6127","0.7039","16"
"20/10/40","5","-0.2612","-0.6859","8"
"150/unl/120/0","6","0.6134","0.4731","5"
"LEP Routing","10","0.1251","0.2861","8"
"90/30/120","6","0.6115","0.5579","11"
"100/unl/120","6","0.7239","0.6988","6"
"100/60/120/ 7","6","0.7389","0.6675","7"
"ID-3 Min/unl/200/0","14","0.5776","0.6874","12"
"30/20/60","4","0.3196","0.3186","7"
"35/20/60","4","0.1114","0.3235","6"
"75/30/90/0","5","0.3599","0.4343","9"
"ID-2 120/40/120/7","13","0.5478","0.6524","16"
"75/20/120 RUN THIRD","8","0.6062","0.6246","7"
"40/10/120/20 RUN FIRST","4","0.5221","0.4804","1"
"30/10/40","6","0.0534","0.0759","6"
"75/20/90","6","0.4797","0.3486","7"
"60/20/90/0x","6","0.8404","0.7735","8"
"200/unl/150/ 7","6","0.8304","0.6648","6"
"FSSwk2/wk4/65/10/60/15","4","-0.0492","0.1268","4"
"FSSwk2/wk4/65/10/60/50","70","0.3516","0.3702","100"
"75/0/60/1-5/10","6","0.503","0.5231","8"
"90/10/180/Specialty/20","43","0.5602","0.5501","49"
"75/0/120/1-4/10j","7","0.6071","0.6377","7"
"120/UNL/60/1-5/0","6","0.3731","0.5754","11"
"FSSwk2/wk4/85/10/60/50","5","0.4924","0.4585","5"
"Min/0/60/1-1/0","5","0.2961","0.4314","8"
"FSSwk2/wk4/95/10/120/10","6","0.4016","0.2577","5"
"75/0/60/1-2/10","4","0.5089","0.5043","4"
"Min/UNL/60/1-4/5","7","0.442","0.4159","5"
"90/10/60/1-4/19","6","0.6863","0.6766","6"
"35/15/90/1-2/20#","5","0.7707","0.7359","7"
"90/10/0/Specialty/7","7","0.4916","0.5754","11"
"75/10/30/4-1/10","4","0.7723","0.764","8"
"Min/Unl/Unl/2-3/12","4","0.8424","0.7381","4"
"Min/UNL/60/1-1/5","4","0.447","0.2586","2"
"Min/30/60/1-2/10","5","0.7133","0.6827","9"
"DishNET 75/ 20/ 90/0","4","0.6852","0.7304","5"
"FSSwk2/wk4/45/10/60/50","21","0.3744","0.2676","33"
"FSSwk2/wk4/60/10/60/50","5","0.2244","0.221","7"
"FSSwk2/wk4/75/10/120/50","4","0.5113","0.5101","7"
"75/0/60/1-4/10","11","0.4042","0.4555","16"
"Min/UNL/200/1-3/15","4","0.4525","0.3853","4"
"50/0/120/1-1/10 IntraDay()","44","0.4861","0.4141","45"
"70/15/140/1-5/0","5","0.4048","0.4117","8"
"150/30/180/1-4/5","6","0.7272","0.5807","7"
"120/30/60/1-1/0","5","0.5308","0.5058","6"
"75/10/60/1-4/10","6","0.5033","0.5312","8"
"50/10/30/1-5/15","6","0.6739","0.6601","7"
"75/25/100/1-1/10Z","6","0.7999","0.7987","8"
"120/10/60/1-5/10","7","0.4429","0.5296","7"
"120/30/60/1-4/0","6","0.3905","0.3583","3"
"75/0/60/1-3/0","5","0.1486","0.0348","3"
"120/20/120 - RUN THIRD","4","0.3868","0.623","5"
"IntraDay 45/0/90/1-1/15$","42","0.9151","0.9104","55"
"Min/unl/ 250/7","7","0.5129","0.5783","6"
"ID-1 75/20/90/7","7","0.6268","0.5445","18"
"FSSwk2/wk4/45/0/60/50","16","0.1683","0.1585","19"
"80/10/0/Specialty/7","6","0.6511","0.625","7"
"FSSwk2/wk4/45/UNL/0/50","20","0.473","0.4479","40"
"90/15/120/5-1/0","2","0.7172","0.8896","2"
"120/0/30/1-5/0","2","0.3358","0.4699","7"
"90/20/140/1-2/20","6","0.5829","0.6373","6"
"75/30/120/1-1/10","1","0.811","0.7336","7"
"100/10/120/1-1/0","3","0.824","0.8243","6"
"FSSwk2/wk4/85/UNL/0/50","5","0.4537","0.5578","9"
"FSSwk2/wk4/60/UNL/60/20","12","0.3411","0.4647","14"
"Min/-10/120/1-4/10","6","0.7999","0.5479","5"
"FSSwk2/wk4/45/60/50","4","0.4887","0.4701","8"
"FSSwk2/wk4/45/10/90/50","11","0.4517","0.4101","15"
"60/10/120/Specialty/20","8","0.4972","0.4757","11"
"60/10/90/1-5/50","6","0.6752","0.6831","7"
"Min/10/180/Specialty/10a","2","0.5375","0.4953","6"
"90/0/120/1-4/50","4","0.7619","0.8305","6"
"60/10/90/1-5/20","3","0.6633","0.6282","7"
"100/20/200/1-1/0","10","0.7756","0.8069","12"
"120/60/150/1-1/8","5","0.7288","0.7469","4"
"90/10/150/1-1/50","7","0.8157","0.8023","6"
"FSSwk2/wk4/45/0/30/50","6","0.3253","0.5611","4"
"FSSwk2/wk4/45/UNL/60/50","6","0.4341","0.5025","7"
"60/0/30/1-5/50","4","0.6741","0.6339","7"
"45/10/120/1-3/15","11","0.6351","0.6663","13"
"Min/10/30/1-4/0","4","0.7439","0.7108","9"
"30/10/120/1-5/50","5","0.2798","0.3826","7"
"75/10/120/1-3/10","14","0.6694","0.612","13"
"85/0/60/1-4/15","6","0.6276","0.7969","3"
"45/10/90/1-5/15","4","0.625","0.6537","5"
"70/0/120/1-4/7","3","0.8004","0.7209","9"
"90/0/170/1-1/5","6","0.8125","0.8773","7"
"FSSwk2/wk4/45/-20/60/50","5","0.2152","0.265","7"
"120/20/90/1-3/0","6","0.6318","0.7095","9"
"FSSwk2/wk4/65/10/60/20","4","0.0859","0.2751","7"
"75/-180/0/1-5/50","6","0.4207","0.3861","7"
"60/10/60/Specialty/20b","5","0.67","0.5804","6"
"40/-60/0/1-5/100","5","0.5475","0.5793","9"
"60/15/90/1-5/75","4","0.6601","0.6648","5"
"30/-60/90/1-5/9999","5","0.6548","0.662","6"
"45/10/100/1-3/20","6","0.6897","0.7047","7"
"90/30/150/1-4/20","3","0.7922","0.805","7"
"FSSwk2/wk4/75/0/60/50","6","0.339","0.3302","8"
"Min/UNL/UNL/1-3/0","6","0.8842","0.7444","7"
"45/-180/90/4-5/18 AM","5","0.4511","0.4403","7"
"Min/UNL/UNL/5-1/4","6","0.9616","0.8441","9"
"45/0/120/1-4/15","7","0.583","0.5476","7"
"Min/0/60/1-3/0","5","0.6577","0.712","4"
"50/0/60/1-1/50","5","0.8231","0.7685","8"
"120/-45/150/5-4/7","5","0.9629","0.9857","4"
"Min/10/60/Specialty/20","9","0.5135","0.4931","18"
"FSSwk2/wk4/60/10/60/0","6","0.1746","0.3001","3"
"Min/10/0/Specialty/10","5","0.6529","0.6523","8"
"60/10/200/1-2/0","11","0.7167","0.7132","14"
"90/20/120/1-2/20","5","0.7597","0.7885","4"
"70/UNL/110/1-4/10","5","0.8775","0.9579","6"
"75/25/140/1-1/10","6","0.8369","0.8404","6"
"85/30/120/1-1/0","4","0.8899","0.9157","7"
"50/0/90 - RUN SECOND!","8","0.5538","0.352","5"
"120/5/90 - RUN LAST!","8","0.5965","0.6814","3"
"45/0/90/Limit 7 - RUN FIRST!","6","0.7552","0.6461","4"
"45/15/60 RUN FIRST","8","0.8095","0.727","13"
"60/10/120 RUN SECOND","1","0.8006","0.733","4"
"30/15/ 90/0","2","0.5871","0.5711","1"
"AM Plan 75/10/60/0","4","0.623","0.5525","1"
"45/30/120 /0","2","0.6151","0.634","1"
"Austin Test-2: 120/40/120/10","12","0.7093","0.6567","23"
"60/0/120/1-1/10 IntraDay&","17","0.7012","0.7295","14"
"45/0/60/1-2/10 IntraDay@","26","0.884","0.8122","60"
"45/30/60/7","4","0.4547","0.7251","1"
"45/0/120/10","4","0.5622","0.6207","1"
"60 Min Drive","38","0.8739","0.8966","58"
"FSSwk2/wk4/120/10/180/15Z","22","0.3801","0.3247","29"
"120/10/200/Specialty/10","4","0.339","0.2399","4"
"FSSwk2/wk4/65/10/60/50b","4","0.4975","0.4592","6"
"90/10/120/1-1/0Z","23","0.5748","0.5201","28"
"120/20/120/1-3/0Z","16","0.6372","0.5757","19"
"150/10/120/1-4/5b","6","0.3087","0.1237","7"
"Fairborn Duration 75/20/90/0","11","0.7436","-0.0274","7"
"Basic 2 60/20/60/0","9","0.5405","0.5699","22"
"Wich-1 50/15/60/25","5","0.6392","0.5914","8"
"45/10/30/7x","4","0.5187","0.7145","1"
"Basic 3 90/30/90/0","7","0.5874","0.7314","11"
"SWEEPER min/unl/200/9999*GR","3","0.6862","0.6734","1"
"120/60/120/10","8","0.8372","0.8489","10"
"30 /20/60/7","4","0.5387","0.5452","6"
"45 /20/90/10","10","0.6281","0.6584","13"
"70 /30/90/10","5","0.7926","0.7609","7"
"100 /50/120/10","3","0.8098","0.7574","6"
"30/20/120/7","10","0.4744","0.3589","13"
"100/ 40/100/10","4","0.7897","0.871","6"
"80/30 /120/10","3","0.7228","0.7056","7"
"60/30/100 /10","5","0.6642","0.6343","8"
"45/15/ 60/7","5","0.5956","0.5313","8"
"50 /20/60/10","5","0.6179","0.6564","9"
"30/10 /30/0","6","0.489","0.3783","8"
"40/15/75/ 7","4","0.5609","0.6042","9"
"120/unl/140/10","3","0.7263","0.851","6"
"Columbus Duration 75/20/90/0","4","0.777","0.7229","11"
"45/20/75/0","5","0.7779","0.7481","8"
"*30/15/75/7","5","0.1928","0.2258","8"
"Special 90/30/120/0","5","0.5545","0.6033","3"
"Route 2 120/60/150/0","6","0.6528","0.6405","8"
"45/10/120/20","2","0.7614","0.6904","3"
"SWEEPER min/unl/200/7","4","0.6002","0.5438","7"
"Special 90/20/90/0","6","0.5915","0.6602","6"
"Min/45/Unlimited/50","3","0.8326","0.8682","8"
"90/60/120/11","7","0.6709","0.6693","13"
"FSSwk2/wk4","11","0.1994","0.3591","15"
"75/30/120/0","3","0.7989","0.7618","4"
"35/10/75/0*","4","0.454","0.5068","7"
"FSSwk2/wk4/70/0/80/0","4","0.1266","0.2882","6"
"FSSwk2/wk4^","6","0.2505","0.294","5"
"60/60/120/11","9","0.5584","0.507","12"
"30/20/ 90/0","5","0.5376","0.5242","8"
"45/60/UNL/1-4/10","5","0.7695","0.7843","10"
"FSSwk2/wk4/45/0/60/0","6","0.0725","0.0431","5"
"45/10/90/0","5","0.7253","0.7201","5"
"90/30/ 120/10","5","0.726","0.7275","7"
"30/20/90/1-5/20","5","0.5544","0.5493","9"
"50/20/80/10","6","0.7329","0.7018","14"
"120/15/120/1-2/5r","4","0.7625","0.7515","4"
"FSSwk2/wk4/90/0/60/20aq","4","0.2106","0.1706","7"
"90/10/180/Specialty/15am","5","0.528","0.6178","6"
"70/20/120/1-3/10az","5","0.7312","0.6933","7"
"60/15/100/1-4/5","4","0.7087","0.7069","7"
"60/30/80/10","5","0.6631","0.6741","10"
"90/10/180/Specialty/15s","4","0.6065","0.5398","5"
"90/10/180/Specialty/15w","5","0.4905","0.5308","5"
"North 70/30/30/10","7","0.7307","0.7139","11"
"FSSwk2/wk4/90/0/60/20aa","5","0.1328","0.1774","6"
"FSSwk2/wk4/90/0/60/20ag","4","0.1526","0.2672","9"
"90/10/180/Specialty/15zyz","6","0.6096","0.5383","8"
"60/15/100/1-5/15","5","0.6278","0.6046","4"
"120/10/UNL/Speciality/50a","4","0.5861","0.6081","7"
"75/30/60/1-2/15","5","0.5975","0.5854","8"
"150/25/120/1-2/0","4","0.7518","0.7543","7"
"FSSwk2/wk4/90/0/60/20m","4","0.3301","0.2477","9"
"50/20/60/1-4/10g","4","0.7436","0.7254","7"
"120/20/150/1-4/0","4","0.8663","0.8505","7"
"90/10/180/Specialty/15aa","4","0.5714","0.5164","6"
"FSSwk2/wk4/90/0/60/20as","3","0.0076","0.0206","6"
"70/0/120/Specialty/20a","5","0.6452","0.5168","7"
"50/10/100/1-2/10j","4","0.6964","0.6385","8"
"60/15/120/1-2/15","7","0.7748","0.9427","9"
"150/25/150/1-3/0;","5","0.8058","0.7523","6"
"FSSwk2/wk4/90/0/60/20ae","5","0.0463","-0.0405","3"
"75/10/60/1-4/0w","5","0.6155","0.5949","5"
"90/10/180/Specialty/15ai","6","0.6303","0.6377","8"
"50/20/100/1-4/10j","4","0.7161","0.731","8"
"90/10/180/Specialty/15al","4","0.6389","0.6074","7"
"120/10/140/Specialty/50a","5","0.4572","0.5945","8"
"45/15/60/1-4/15s","4","0.7188","0.6901","6"
"90/10/180/Specialty/15q","4","0.6489","0.5682","8"
"45/15/60/1-4/15c","5","0.6366","0.7496","6"
"FSSwk2/wk4/90/0/60/20ai","4","0.059","0.0099","5"
"70/15/100/1-3/10we","5","0.7591","0.8307","7"
"90/10/180/Specialty/15h","4","0.3754","0.4886","7"
"70/30/30/10","3","0.6763","0.6617","6"
"120/20/180/1-3/0j","4","0.7548","0.7854","6"
"FSSwk2/wk4/90/0/60/20aj","6","0.1333","0.1378","10"
"70/20/100/1-4/10","5","0.7017","0.6735","5"
"60/30/120/1-5/10!","5","0.6979","0.6573","4"
"50/20/160/1-2/10 c","5","0.7676","0.7265","11"
"100/20/180/1-2/10 c","4","0.8069","0.8152","12"
"Bo-1 60/30/60/15","6","0.6133","0.6024","4"
"50/10/180 RUN SECOND","3","0.5523","0.6718","3"
"150/10/120/1-5/5","6","0.6219","0.6658","7"
"Bo-3 200/unl/180/7","5","0.5728","0.6192","4"
"90/10/110/1-1/10","3","0.7684","0.7342","7"
"65/15/160/1-2/10","4","0.7006","0.7224","4"
"110/30/200/1-1/0","4","0.7565","0.7484","9"
"FSSwk2/wk4/65/10/60/50a","4","0.4464","0.1197","7"
"FSSwk2/wk4/65/0/60/50","6","0.1708","0.2069","5"
"60/30/180/1-4/20'","3","0.7367","0.7322","3"
"70/10/120/Specialty/5","5","0.6498","0.6003","8"
"120/25/180/1-1/0","5","0.7265","0.7356","6"
"FSSwk2/wk4/90/20/90/5","5","0.4616","0.4509","6"
"60/20/120/Specialty/20","3","0.5668","0.6322","8"
"100/15/120/1-4/8","3","0.8676","0.7617","7"
"55/15/100/1-4/10","5","0.5968","0.607","6"
"90/25/90/1-4/5","5","0.7496","0.7513","9"
"90/30/60/1-5/10","5","0.0638","-0.0374","5"
"60/10/120 RUN 1ST","24","0.525","0.4142","22"
"Min/UNL/200/1-4/5","4","0.5477","0.5306","8"
"100/30/200/Specialty/0","5","0.5698","0.5596","9"
"120/unl/ 120","7","0.5581","0.5432","7"
"Specialty","4","0.1704","0.3308","3"
"90/20/120/7x","4","0.6698","0.7043","7"
"120/unl/ 200","5","0.5637","0.8627","1"
"90/10/60","3","0.1044","0.2545","4"
"90/10/150/Specialty/50","5","0.4094","0.4335","2"
"90/10/60/1-1/10","4","0.8329","0.7581","7"
"Min/UNL/180/1-4/5","5","0.7021","0.6235","7"
"FSSwk2/wk4/55/10/60/50","6","0.3062","0.3097","5"
"70/10/60/Specialty/7","5","0.6722","0.7026","8"
"Min/UNL/120/1-4/0","4","0.7457","0.618","6"
"Min/UNL/60/1-3/5","6","0.55","0.5414","4"
"Min/30/60/1-4/50","5","0.4395","0.4092","5"
"Min/60/60/1-3/10","5","0.5767","0.59","5"
"FSSwk2/wk4/100/10/160/50","6","0.2049","0.2017","6"
"FSSwk2/wk4/75/15/60/10","5","-0.1179","0.2151","5"
"Min/60/60/1-4/0","5","0.5225","0.4436","6"
"70/20/140/Specialty/25","4","0.7558","0.7011","8"
"90/20/150/1-1/0Z","5","0.7915","0.6388","7"
"75/0/60/1-3/50","6","0.9087","0.7587","7"
"60/15/120/1-2/19","3","0.9001","0.8363","7"
"Min/60/180/1-2/10","6","0.7568","0.784","6"
"FSSwk2/wk4/45/60/0","3","0.4521","0.5004","7"
"75/30/60/1-2/5","4","0.4512","0.3895","6"
"65/0/60/1-4/0","3","0.3085","0.0545","3"
"Min/UNL/120/1-4/5","6","0.668","0.7256","7"
"min/10/120/Specialty/20","2","0.2801","0.5607","6"
"90/10/120/Specialty/7","5","0.6624","0.635","6"
"45/-60/0/1-5/20 AM","4","0.5806","0.6005","6"
"60/-45/170/4-5/20","2","0.8433","0.8592","5"
"FSSwk2/wk4/45/0/60/19","9","0.0205","0.0491","9"
"65/10/150/Specialty/50","6","0.5969","0.616","8"
"45/10/90/1-4/20","3","0.7954","0.7599","6"
"FSSwk2/wk4/65/0/60/15","5","0.1645","0.206","6"
"MIN/10/UNL/1-5/200a","4","0.7237","0.5769","5"
"30/0/45/1-2/50","3","0.7863","0.7195","6"
"FSSwk2/wk4/45/10/0/50","3","0.4997","0.4514","6"
"FSSwk2/wk4/45/UNL/60/15","3","0.1612","0.204","7"
"60/-60/200/2-4/20","5","0.8127","0.8076","6"
"FSSwk2/wk4/45/10/30/50","4","0.1361","0.173","6"
"Min/10/120/1-4/50","4","0.5159","0.4833","3"
"45/20/180/1-3/0a","2","0.7928","0.7606","9"
"60/15/90/5-1/0","5","0.895","0.9666","4"
"45/10/30/7","4","0.5974","0.5976","8"
"Test2 60/20/150/9999*GR","1","0.6559","0.6454","1"
"60 min drive","9","0.9494","0.9455","13"
"50/20/60/1-3/10","4","0.3107","0.1483","7"
"90/UNL/120/Specialty/20","1","0.8133","0.0812","3"
"120/UNL/60/1-3/0","2","0.4371","0.3992","6"
"Odessa Test 2: 90/30/120/0","5","0.627","0.7129","7"
"Routing 3 200/unl/180/7","3","0.7017","0.7328","7"
"Routing 1 50/30/100/0","3","0.6117","0.7052","9"
"Austin Test 2: 120/40/120/10","4","0.5872","0.5877","16"
"Routing 3 200/unl/200/7","2","0.7245","0.7344","4"
"Routing 2 120/unl/150/10","3","0.6431","0.6484","8"
"Wich-2 100/30/90/15","4","0.7915","0.7335","3"
"25/10/50/40","1","0.5027","0.6187","6"
"20/20/60/7","5","0.262","0.2535","12"
"Youngstown Duration 75/20/90/0","6","0.5338","0.4967","7"
"20/10/60/0#","3","0.3305","0.32","5"
"Remote 1 60/15/60/0","1","0.8803","0.6699","4"
"80/30/90/0","4","0.7263","0.6721","6"
"200/unl/ 200/0","5","0.8333","0.7869","6"
"FSSwk2/wk4*","4","0.096","0.1629","8"
"FSSwk2/wk4/90/0/60/20an","3","0.159","0.1312","9"
"AM 45/20/60/7","4","0.6133","0.6455","7"
"90/10/180/Specialty/15ak","4","0.6869","0.6451","6"
"FSSwk2/wk4/65/10/80/0","5","0.1414","0.2329","7"
"90/10/120/1-3/10","4","0.7847","0.7868","8"
"50/10/180/1-3/10d","4","0.7997","0.6726","4"
"90/10/180/Specialty/15af","3","0.43","0.5069","5"
"90/30/150/1-4/0`","3","0.7212","0.7199","6"
"90/10/180/Specialty/15f","2","0.5702","0.5718","9"
"90/10/180/Specialty/15aoo","4","0.6619","0.6408","9"
"Min/15/120/1-3/0","4","0.6034","0.5595","8"
"FSSwk2/wk4/90/0/60/20v","4","0.2196","0.1141","6"
"50/15/60/1-4/10po","4","0.632","0.6138","9"
"Basic 1 30/10/40/0","4","0.4542","0.2882","7"
"80/10/180/Specialty/20","6","0.6304","0.613","14"
"120/10/120/1-3/0e","2","0.4793","0.5061","9"
"60/10/180 RUN LAST","5","0.7488","0.6503","5"
"90/0/180/1-3/20","1","0.8253","0.6954","6"
"90/30/120 SanAntonio NEW","5","0.646","0.5607","6"
"FSSwk2/wk4/70/30/60/10","4","0.2001","0.1558","9"
"30/10/60","1","0.0886","0.2022","2"
"90/10/180/Specialty/9999","3","0.4592","0.5129","8"
"Min/10/180/1-3/7","4","0.5505","0.5791","6"
"Bo-2 90/60/100/7","3","0.7062","0.5951","3"
"60/30/120 - RUN LAST!","5","0.8148","0.79","1"
"45/45/90/7D","1","0.4891","0.2503","1"
"Min/30/60/1-1/0","3","0.521","0.4533","8"
"50/15/120/1-4/15","3","0.8095","0.7936","4"
"75/15/60/1-2/5","3","0.4588","0.4506","8"
"60/15/60/1-4/10","4","0.6744","0.6996","5"
"Spo-3 Min/unl/240/7","1","0.7648","0.6986","3"
"Spo-1 90/30/120/20","1","0.7648","0.6765","3"
"90/30/90/1-4/0","3","0.795","0.8884","9"
"112/0/120/1-5/50","3","0.6797","0.7137","5"
"Bil-2 180/60/120/0","4","0.4662","0.7304","2"
"Bil-3 Min/unl/300/0","2","0.5486","0.9322","1"
"Routing 2 100/unl/130/0","3","0.6858","0.5835","8"
"Mos-3 180/unl/200/7","2","0.4402","0.5707","4"
"Mos-2 100/50/180/7","4","0.4837","0.6171","2"
"100 /60/150/15","2","0.7959","0.7852","4"
"Run Third 45/10/90/30","3","0.7407","0.5617","11"
"45/20/60 /0","1","0.5361","0.377","8"
"90/10/180/Specialty/15ad","3","0.5834","0.5754","10"
"80/15/120/1-1/5","3","0.8149","0.8237","8"
"120/20/180/1-5/20","4","0.7755","0.7255","8"
"70/30/120/1-2/10","4","0.6716","0.6965","7"
"80/40/120/7","3","0.7242","0.7335","5"
"120/20/180/1-2/0v","3","0.7849","0.9187","2"
"90/10/110/1-1/10 Training Days","2","0.7775","0.7961","2"
"90/0/120/1-2/15","2","0.8712","0.6811","8"
"45/15/90/1-1/10 Training Days","2","0.721","0.7326","2"
"FSSwk2/wk4/75/0/90/50","3","0.4721","0.4858","7"
"60/20/120/1-2/20 Training","2","0.7108","0.6898","2"
"45/10/180/1-4/50 Training ","2","0.7626","0.6452","2"
"Min/UNL/100/1-5/0","4","0.6814","0.638","9"
"FSSwk2/wk4/100/10/120/50","4","0.6873","0.5533","6"
"75/0/120/1-3/10","4","0.8452","0.7242","7"
"Rich-1 45/20/90/20","2","0.7809","0.7413","3"
"Min/60/60/2-1/15","2","0.6786","0.6086","6"
"60/0/30/1-5/50 Training","2","0.813","0.7702","1"
"90/30/150/1-4/20 Training","2","0.7558","0.7397","2"
"120/0/30/1-5/0 Training","2","0.5427","0.4769","1"
"Min/10/180/1-5/9999 Training","2","0.4944","0.5958","2"
"112/0/120/1-5/50 Training","2","0.8227","0.7225","1"
"Min/10/120/1-4/50 Training","2","0.6144","0.953","1"
"45/10/90/1-4/20 Training","2","0.8131","0.9146","1"
"60/10/120/5-1/4","4","0.9097","0.8376","5"
"60/15/90/1-5/75 Training","2","0.605","0.6797","1"
"75/30/120/1-1/10 Training","2","0.7437","0.7452","2"
"85/30/120/1-1/0 Training","2","0.8758","0.9134","1"
"90/10/180/Specialty/20b","2","0.4651","0.414","6"
"Routing 1 80/30/120/10","3","0.6379","0.6587","5"
"Set 2-Routing 1 50/40/110/0","4","0.6131","0.7204","7"
"Remote2 Min/30/90/10","2","0.7731","0.735","2"
"60/20/90/7","2","0.6834","0.8024","1"
"30/10/60/10","1","0.5504","0.6373","1"
"90/30/90/7","1","0.9297","0.6926","1"
"20/10/45/7","1","0.7691","0.6813","1"
"45/20/60/10","2","0.6334","0.6418","7"
"90/0/150/1-4/0","2","0.7819","0.759","6"
"60/15/120/1-2/30","3","0.7526","0.6942","7"
"60/20 /90/0","2","0.8272","0.7186","8"
"60/15/120 RUN LAST","2","0.5309","0.2935","4"
"60/30/90/1-4/5","2","0.6724","0.6055","6"
"Min/unl/200/1-1/0","2","0.8901","0.9075","4"
"45/0/90/Limit 7","2","0.7673","0.618","4"
"60/20/120/1-2/20","1","0.7239","0.6559","8"
"60/20/120/Specialty/5 L","1","-0.1096","0.2574","2"
"Rich-2 90/30/160/10","2","0.743","0.6643","3"
"Mos-1 45/30/120/20","2","0.4507","0.3354","3"
"Metro 2 65/15/90/15","2","0.8914","0.6403","8"
"Sweeper Min/unl/120/15","2","0.8911","0.694","10"
"Wat-3 120/unl/120/0","1","0.9109","0.8721","1"
"Set 2-Routing 3 150/unl/150/0","2","0.813","0.6698","6"
"Routing 1 50/20/100/0","2","0.6984","0.6341","8"
"Set 2-Routing 2 75/60/130/0","2","0.6116","0.6573","7"
"Specialty 90/20/100/0","1","0.5737","0.6991","5"
"DishNET 75/20/90/ 0","1","0.6178","0.6103","4"
"Routing 2 75/60/120/7","3","0.7103","0.7016","9"
"*Office day 60/20/90/50","1","0.8228","0.8437","1"
"90/10/180/Specialty/15o","2","0.4474","0.5368","6"
"45/10/90 RUN SECOND","2","0.3469","0.1702","6"
"45/10/180","4","0.7716","0.7794","6"
"90/20/180","1","0.9144","0.8489","2"
"Bil-1 75/30/90/15","2","0.3111","0.5588","3"
"90/0/180/1-3/20 Training","1","0.9154","0.7995","1"
"45/0/120/1-4/20 Training","1","0.7058","0.6642","1"
"120/0/180/1-2/30 Training","1","0.8451","0.8551","2"
"Min/60/60/1-1/20","2","0.8352","0.8335","4"
"100/10/120/1-1/0 - Training","1","0.8949","0.8416","2"
"60/30/90/10","1","0.872","0.8246","1"
"100/unl/150/7","1","0.7657","0.8979","5"
"70/20/180/1-4/10x","1","0.8483","0.7095","7"
"RRC - Internal Only - 75/15/120","1","0.8212","0.8079","1"
"150/25/75/1-2/0","1","0.7893","0.6593","7"
"45/0/60/1-4/5","1","0.6457","0.5773","9"
"Min/30/60/1-5/2","1","0.8167","0.798","4"
